{"cameraMode":{"drawMode":0,"name":"Shaded","section":"Shading Mode"},"sceneLighting":true,"audioPlay":false,"sceneViewState":{"m_AlwaysRefresh":false,"showFog":true,"showSkybox":true,"showFlares":true,"showImageEffects":true,"showParticleSystems":true,"showVisualEffectGraphs":true,"m_FxEnabled":true},"in2DMode":false,"pivot":{"x":-3.9216809272766115,"y":5.107843399047852,"z":-2.5963351726531984},"rotation":{"x":-0.16222944855690003,"y":0.36804184317588808,"z":-0.06538251042366028,"w":-0.9132353663444519},"size":1.3780896663665772,"orthographic":false}