{"cameraMode":{"drawMode":0,"name":"Shaded","section":"Shading Mode"},"sceneLighting":false,"audioPlay":false,"sceneViewState":{"m_AlwaysRefresh":false,"showFog":true,"showSkybox":false,"showFlares":true,"showImageEffects":true,"showParticleSystems":true,"showVisualEffectGraphs":true,"m_FxEnabled":true},"in2DMode":false,"pivot":{"x":-1.3736467361450196,"y":1.5399999618530274,"z":59.4476432800293},"rotation":{"x":-0.20235764980316163,"y":0.02164575271308422,"z":-0.004442709032446146,"w":-0.9790923595428467},"size":1.8043279647827149,"orthographic":false}