{"cameraMode":{"drawMode":0,"name":"Shaded","section":"Shading Mode"},"sceneLighting":false,"audioPlay":false,"sceneViewState":{"m_AlwaysRefresh":false,"showFog":true,"showSkybox":false,"showFlares":true,"showImageEffects":true,"showParticleSystems":true,"showVisualEffectGraphs":true,"m_FxEnabled":true},"in2DMode":false,"pivot":{"x":-3.4100000858306886,"y":1.260000228881836,"z":66.55999755859375},"rotation":{"x":-0.08010249584913254,"y":-0.05488169193267822,"z":0.004446812905371189,"w":-0.9953152537345886},"size":17.065513610839845,"orthographic":true}